{
    "name": "caret",
    "version": "1.3.1",
    "title": "Caret",
    "author": {
        "name": "Gideon Sireling",
        "url": "http://www.accursoft.com/gideon-sireling.html"
    },
    "licenses": [
        {
            "type": "BSD",
            "url": "http://code.accursoft.com/caret/raw/tip/license.txt"
        }
    ],
    "dependencies": {"jquery": ">=1.3"},
    "description": "Manipulate the caret's position in a text box or content-editable element.",
    "keywords": ["caret"],
    "homepage": "http://code.accursoft.com/caret",
    "docs": "http://code.accursoft.com/caret/src/tip/readme.md",
    "bugs": "http://code.accursoft.com/caret/issues"
}