{
	"name": "bind-first",
	"title": "jQuery.bind-first",
	"description": "Tiny jQuery plugin for moving event handler to the beginning of the event queue so that this handler will be executed first, regardless of how many other handlers you had already attached.",
	"keywords": [
		"events"
	],
	"version": "0.2.3",
	"author": {
		"name": "Vladimir Zhuravlev",
		"url": "https://github.com/private-face/"
	},
	"licenses": [
		{
			"type": "MIT",
			"url": "https://github.com/private-face/jquery.bind-first/blob/master/LICENSE"
		}
	],
	"homepage": "http://private-face.github.com/jquery.bind-first",
	"dependencies": {
		"jquery": ">=1.4.2"
	}
}
